FAOoriginalItem_fromWebsite,ProductionItem,FoodBalanceItem,SupplyUtilizationItem,k,comment
564|Wine,564|Wine,2655|Wine,564|Wine,alcohol,
"51|Beer of barley, malted","51|Beer of barley, malted",2656|Beer,"51|Beer of barley, malted",alcohol,
39|Rice-fermented beverages,,"2657|Beverages, Fermented",39|Rice-fermented beverages,alcohol,
517|Cider and other fermented beverages,,"2657|Beverages, Fermented",517|Cider and other fermented beverages,alcohol,
"634|Undenatured ethyl alcohol of an alcoholic strength by volume of less than 80% vol; spirits, liqueurs and other spirituous beverages",,"2658|Beverages, Alcoholic","634|Undenatured ethyl alcohol of an alcoholic strength by volume of less than 80% vol; spirits, liqueurs and other spirituous beverages",alcohol,
"125|Cassava, fresh","125|Cassava, fresh",2532|Cassava and products,"125|Cassava, fresh",cassav_sp,
122|Sweet potatoes,122|Sweet potatoes,2533|Sweet potatoes,122|Sweet potatoes,cassav_sp,
329|Cotton seed,329|Cotton seed,2559|Cottonseed,329|Cotton seed,cottn_pro,
"1058|Meat of chickens, fresh or chilled","1058|Meat of chickens, fresh or chilled",2734|Poultry Meat,"1058|Meat of chickens, fresh or chilled",livst_chick,
"1069|Meat of ducks, fresh or chilled","1069|Meat of ducks, fresh or chilled",2734|Poultry Meat,"1069|Meat of ducks, fresh or chilled",livst_chick,
"1073|Meat of geese, fresh or chilled","1073|Meat of geese, fresh or chilled",2734|Poultry Meat,"1073|Meat of geese, fresh or chilled",livst_chick,
"1080|Meat of turkeys, fresh or chilled","1080|Meat of turkeys, fresh or chilled",2734|Poultry Meat,"1080|Meat of turkeys, fresh or chilled",livst_chick,
"1062|Hen eggs in shell, fresh","1062|Hen eggs in shell, fresh",2744|Eggs,"1062|Hen eggs in shell, fresh",livst_egg,
"1062|Hen eggs in shell, fresh","1062|Hen eggs in shell, fresh",2949|Eggs,"1062|Hen eggs in shell, fresh",,aggregate
"1091|Eggs from other birds in shell, fresh, n.e.c.",,,"1091|Eggs from other birds in shell, fresh, n.e.c.",,
886|Butter of cow milk,886|Butter of cow milk,"2740|Butter, Ghee",886|Butter of cow milk,livst_milk,
953|Ghee from buffalo milk,953|Ghee from buffalo milk,"2740|Butter, Ghee",953|Ghee from buffalo milk,livst_milk,
"885|Cream, fresh","885|Cream, fresh",2743|Cream,"885|Cream, fresh",livst_milk,
882|Raw milk of cattle,882|Raw milk of cattle,2848|Milk - Excluding Butter,882|Raw milk of cattle,livst_milk,
882|Raw milk of cattle,882|Raw milk of cattle,2948|Milk - Excluding Butter,882|Raw milk of cattle,,
888|Skim milk of cows,888|Skim milk of cows,2848|Milk - Excluding Butter,888|Skim milk of cows,livst_milk,
888|Skim milk of cows,888|Skim milk of cows,2948|Milk - Excluding Butter,888|Skim milk of cows,,
"889|Whole milk, condensed","889|Whole milk, condensed",2848|Milk - Excluding Butter,"889|Whole milk, condensed",livst_milk,
"889|Whole milk, condensed","889|Whole milk, condensed",2948|Milk - Excluding Butter,"889|Whole milk, condensed",,
"890|Whey, condensed","890|Whey, condensed",2848|Milk - Excluding Butter,"890|Whey, condensed",livst_milk,
"890|Whey, condensed","890|Whey, condensed",2948|Milk - Excluding Butter,"890|Whey, condensed",,
891|Yoghurt,891|Yoghurt,2848|Milk - Excluding Butter,891|Yoghurt,livst_milk,
891|Yoghurt,891|Yoghurt,2948|Milk - Excluding Butter,891|Yoghurt,,
"894|Whole milk, evaporated","894|Whole milk, evaporated",2848|Milk - Excluding Butter,"894|Whole milk, evaporated",livst_milk,
"894|Whole milk, evaporated","894|Whole milk, evaporated",2948|Milk - Excluding Butter,"894|Whole milk, evaporated",,
897|Whole milk powder,897|Whole milk powder,2848|Milk - Excluding Butter,897|Whole milk powder,livst_milk,
897|Whole milk powder,897|Whole milk powder,2948|Milk - Excluding Butter,897|Whole milk powder,,
898|Skim milk and whey powder,898|Skim milk and whey powder,2848|Milk - Excluding Butter,898|Skim milk and whey powder,livst_milk,
898|Skim milk and whey powder,898|Skim milk and whey powder,2948|Milk - Excluding Butter,898|Skim milk and whey powder,,
"900|Whey, dry","900|Whey, dry",2848|Milk - Excluding Butter,"900|Whey, dry",livst_milk,
"900|Whey, dry","900|Whey, dry",2948|Milk - Excluding Butter,"900|Whey, dry",,
901|Cheese from whole cow milk,901|Cheese from whole cow milk,2848|Milk - Excluding Butter,901|Cheese from whole cow milk,livst_milk,
901|Cheese from whole cow milk,901|Cheese from whole cow milk,2948|Milk - Excluding Butter,901|Cheese from whole cow milk,,
982|Raw milk of sheep,982|Raw milk of sheep,2848|Milk - Excluding Butter,982|Raw milk of sheep,livst_milk,
982|Raw milk of sheep,982|Raw milk of sheep,2948|Milk - Excluding Butter,982|Raw milk of sheep,,
"984|Cheese from milk of sheep, fresh or processed","984|Cheese from milk of sheep, fresh or processed",2848|Milk - Excluding Butter,"984|Cheese from milk of sheep, fresh or processed",livst_milk,
"984|Cheese from milk of sheep, fresh or processed","984|Cheese from milk of sheep, fresh or processed",2948|Milk - Excluding Butter,"984|Cheese from milk of sheep, fresh or processed",,
"1035|Meat of pig with the bone, fresh or chilled","1035|Meat of pig with the bone, fresh or chilled",2733|Pigmeat,"1035|Meat of pig with the bone, fresh or chilled",livst_pig,
"1097|Horse meat, fresh or chilled","1097|Horse meat, fresh or chilled","2735|Meat, Other","1097|Horse meat, fresh or chilled",livst_rum,
"1108|Meat of asses, fresh or chilled","1108|Meat of asses, fresh or chilled","2735|Meat, Other","1108|Meat of asses, fresh or chilled",livst_rum,
"1141|Meat of rabbits and hares, fresh or chilled","1141|Meat of rabbits and hares, fresh or chilled","2735|Meat, Other","1141|Meat of rabbits and hares, fresh or chilled",livst_rum,
"1163|Game meat, fresh, chilled or frozen","1163|Game meat, fresh, chilled or frozen","2735|Meat, Other","1163|Game meat, fresh, chilled or frozen",livst_rum,
"1166|Other meat n.e.c. (excluding mammals), fresh, chilled or frozen",,,"1166|Other meat n.e.c. (excluding mammals), fresh, chilled or frozen",,
"1043|Pig fat, rendered","1043|Pig fat, rendered","2737|Fats, Animals, Raw","1043|Pig fat, rendered",,
"1043|Pig fat, rendered","1043|Pig fat, rendered",,"1043|Pig fat, rendered",livst_pig,
1225|Tallow,1225|Tallow,,1225|Tallow,livst_rum,
1225|Tallow,1225|Tallow,"2737|Fats, Animals, Raw",1225|Tallow,,
"867|Meat of cattle with the bone, fresh or chilled","867|Meat of cattle with the bone, fresh or chilled",2731|Bovine Meat,"867|Meat of cattle with the bone, fresh or chilled",livst_rum,
"1017|Meat of goat, fresh or chilled","1017|Meat of goat, fresh or chilled",2732|Mutton & Goat Meat,"1017|Meat of goat, fresh or chilled",livst_rum,
"977|Meat of sheep, fresh or chilled","977|Meat of sheep, fresh or chilled",2732|Mutton & Goat Meat,"977|Meat of sheep, fresh or chilled",livst_rum,
56|Maize (corn),56|Maize (corn),2514|Maize and products,56|Maize (corn),maiz,
238|Cake of  soya beans,,238|Cake of  soya beans,238|Cake of  soya beans,oilcakes,
238|Cake of soya beans,,,238|Cake of soya beans,,
61|Cake of maize,,61|Cake of maize,61|Cake of maize,oilcakes,
245|Cake of groundnuts,,245|Cake of groundnuts,245|Cake of groundnuts,oilcakes,
269|Cake of sunflower seed,,269|Cake of sunflower seed,269|Cake of sunflower seed,oilcakes,
294|Cake of mustard seed,,294|Cake of mustard seed,294|Cake of mustard seed,oilcakes,
272|Cake of rapeseed,,272|Cake of rapeseed,272|Cake of rapeseed,oilcakes,
332|Cake of cottonseed,,332|Cake of cottonseed,332|Cake of cottonseed,oilcakes,
259|Cake of palm kernel,,259|Cake of palm kernel,259|Cake of palm kernel,oilcakes,
253|Cake of copra,,253|Cake of copra,253|Cake of copra,oilcakes,
291|Cake of sesame seed,,291|Cake of sesame seed,291|Cake of sesame seed,oilcakes,
"341|Cake, oilseeds nes",,"341|Cake, oilseeds nes","341|Cake, oilseeds nes",oilcakes,
335|Cake of  linseed,,335|Cake of  linseed,335|Cake of  linseed,oilcakes,
338|Cake of hempseed,,338|Cake of hempseed,338|Cake of hempseed,oilcakes,
37|Cake of rice bran,,37|Cake of rice bran,37|Cake of rice bran,oilcakes,
282|Cake of safflowerseed,,282|Cake of safflowerseed,282|Cake of safflowerseed,oilcakes,
314|Cake of kapok,,314|Cake of kapok,314|Cake of kapok,oilcakes,
237|Soya bean oil,237|Soya bean oil,2571|Soyabean Oil,237|Soya bean oil,oils,
244|Groundnut oil,244|Groundnut oil,2572|Groundnut Oil,244|Groundnut oil,oils,
"268|Sunflower-seed oil, crude","268|Sunflower-seed oil, crude",2573|Sunflowerseed Oil,"268|Sunflower-seed oil, crude",oils,
"271|Rapeseed or canola oil, crude","271|Rapeseed or canola oil, crude",2574|Rape and Mustard Oil,"271|Rapeseed or canola oil, crude",oils,
331|Cottonseed oil,331|Cottonseed oil,2575|Cottonseed Oil,331|Cottonseed oil,oils,
258|Oil of palm kernel,258|Oil of palm kernel,2576|Palmkernel Oil,258|Oil of palm kernel,oils,
257|Palm oil,257|Palm oil,2577|Palm Oil,257|Palm oil,oils,
252|Coconut oil,252|Coconut oil,2578|Coconut Oil,252|Coconut oil,oils,
290|Oil of sesame seed,290|Oil of sesame seed,2579|Sesameseed Oil,290|Oil of sesame seed,oils,
261|Olive oil,261|Olive oil,2580|Olive Oil,261|Olive oil,oils,
36|Oil of rice bran,,2581|Ricebran Oil,36|Oil of rice bran,oils,
60|Oil of maize,60|Oil of maize,2582|Maize Germ Oil,60|Oil of maize,oils,
1242|Margarine and shortening,1242|Margarine and shortening,"2586|Oilcrops Oil, Other",1242|Margarine and shortening,oils,
"281|Safflower-seed oil, crude","281|Safflower-seed oil, crude","2586|Oilcrops Oil, Other","281|Safflower-seed oil, crude",oils,
334|Oil of linseed,334|Oil of linseed,"2586|Oilcrops Oil, Other",334|Oil of linseed,oils,
"217|Cashew nuts, in shell","217|Cashew nuts, in shell",2551|Nuts and products,"217|Cashew nuts, in shell",others,
"220|Chestnuts, in shell","220|Chestnuts, in shell",2551|Nuts and products,"220|Chestnuts, in shell",others,
"221|Almonds, in shell","221|Almonds, in shell",2551|Nuts and products,"221|Almonds, in shell",others,
"222|Walnuts, in shell","222|Walnuts, in shell",2551|Nuts and products,"222|Walnuts, in shell",others,
"223|Pistachios, in shell","223|Pistachios, in shell",2551|Nuts and products,"223|Pistachios, in shell",others,
224|Kola nuts,224|Kola nuts,2551|Nuts and products,224|Kola nuts,others,
"225|Hazelnuts, in shell","225|Hazelnuts, in shell",2551|Nuts and products,"225|Hazelnuts, in shell",others,
226|Areca nuts,226|Areca nuts,2551|Nuts and products,226|Areca nuts,others,
"234|Other nuts (excluding wild edible nuts and groundnuts), in shell, n.e.c.",,,"234|Other nuts (excluding wild edible nuts and groundnuts), in shell, n.e.c.",,
388|Tomatoes,388|Tomatoes,2601|Tomatoes and products,388|Tomatoes,others,
"403|Onions and shallots, dry (excluding dehydrated)","403|Onions and shallots, dry (excluding dehydrated)",2602|Onions,"403|Onions and shallots, dry (excluding dehydrated)",others,
358|Cabbages,358|Cabbages,"2605|Vegetables, other",358|Cabbages,others,
366|Artichokes,366|Artichokes,"2605|Vegetables, other",366|Artichokes,others,
367|Asparagus,367|Asparagus,"2605|Vegetables, other",367|Asparagus,others,
372|Lettuce and chicory,372|Lettuce and chicory,"2605|Vegetables, other",372|Lettuce and chicory,others,
373|Spinach,373|Spinach,"2605|Vegetables, other",373|Spinach,others,
393|Cauliflowers and broccoli,393|Cauliflowers and broccoli,"2605|Vegetables, other",393|Cauliflowers and broccoli,others,
"394|Pumpkins, squash and gourds","394|Pumpkins, squash and gourds","2605|Vegetables, other","394|Pumpkins, squash and gourds",others,
397|Cucumbers and gherkins,397|Cucumbers and gherkins,"2605|Vegetables, other",397|Cucumbers and gherkins,others,
399|Eggplants (aubergines),399|Eggplants (aubergines),"2605|Vegetables, other",399|Eggplants (aubergines),others,
"401|Chillies and peppers, green (Capsicum spp. and Pimenta spp.)",,,"401|Chillies and peppers, green (Capsicum spp. and Pimenta spp.)",,
"402|Onions and shallots, green","402|Onions and shallots, green","2605|Vegetables, other","402|Onions and shallots, green",others,
406|Green garlic,406|Green garlic,"2605|Vegetables, other",406|Green garlic,others,
407|Leeks and other alliaceous vegetables,407|Leeks and other alliaceous vegetables,"2605|Vegetables, other",407|Leeks and other alliaceous vegetables,others,
"414|Other beans, green","414|Other beans, green","2605|Vegetables, other","414|Other beans, green",others,
"417|Peas, green","417|Peas, green","2605|Vegetables, other","417|Peas, green",others,
426|Carrots and turnips,426|Carrots and turnips,"2605|Vegetables, other",426|Carrots and turnips,others,
446|Green corn (maize),446|Green corn (maize),"2605|Vegetables, other",446|Green corn (maize),others,
449|Mushrooms and truffles,449|Mushrooms and truffles,"2605|Vegetables, other",449|Mushrooms and truffles,others,
"463|Other vegetables, fresh n.e.c.",,,"463|Other vegetables, fresh n.e.c.",,
567|Watermelons,567|Watermelons,"2605|Vegetables, other",567|Watermelons,others,
568|Cantaloupes and other melons,568|Cantaloupes and other melons,"2605|Vegetables, other",568|Cantaloupes and other melons,others,
490|Oranges,490|Oranges,"2611|Oranges, Mandarines",490|Oranges,others,
"495|Tangerines, mandarins, clementines","495|Tangerines, mandarins, clementines","2611|Oranges, Mandarines","495|Tangerines, mandarins, clementines",others,
497|Lemons and limes,497|Lemons and limes,"2612|Lemons, Limes and products",497|Lemons and limes,others,
507|Pomelos and grapefruits,507|Pomelos and grapefruits,2613|Grapefruit and products,507|Pomelos and grapefruits,others,
486|Bananas,486|Bananas,2615|Bananas,486|Bananas,cassav_sp,
489|Plantains and cooking bananas,489|Plantains and cooking bananas,2616|Plantains,489|Plantains and cooking bananas,cassav_sp,
515|Apples,515|Apples,2617|Apples and products,515|Apples,others,
574|Pineapples,574|Pineapples,2618|Pineapples and products,574|Pineapples,others,
577|Dates,577|Dates,2619|Dates,577|Dates,others,
560|Grapes,560|Grapes,2620|Grapes and products (excl wine),560|Grapes,others,
521|Pears,521|Pears,"2625|Fruits, other",521|Pears,others,
523|Quinces,523|Quinces,"2625|Fruits, other",523|Quinces,others,
526|Apricots,526|Apricots,"2625|Fruits, other",526|Apricots,others,
530|Sour cherries,530|Sour cherries,"2625|Fruits, other",530|Sour cherries,others,
531|Cherries,531|Cherries,"2625|Fruits, other",531|Cherries,others,
534|Peaches and nectarines,534|Peaches and nectarines,"2625|Fruits, other",534|Peaches and nectarines,others,
536|Plums and sloes,536|Plums and sloes,"2625|Fruits, other",536|Plums and sloes,others,
544|Strawberries,544|Strawberries,"2625|Fruits, other",544|Strawberries,others,
549|Gooseberries,549|Gooseberries,"2625|Fruits, other",549|Gooseberries,others,
550|Currants,550|Currants,"2625|Fruits, other",550|Currants,others,
552|Blueberries,552|Blueberries,"2625|Fruits, other",552|Blueberries,others,
554|Cranberries,554|Cranberries,"2625|Fruits, other",554|Cranberries,others,
569|Figs,569|Figs,"2625|Fruits, other",569|Figs,others,
"571|Mangoes, guavas and mangosteens","571|Mangoes, guavas and mangosteens","2625|Fruits, other","571|Mangoes, guavas and mangosteens",others,
572|Avocados,572|Avocados,"2625|Fruits, other",572|Avocados,others,
587|Persimmons,587|Persimmons,"2625|Fruits, other",587|Persimmons,others,
591|Cashewapple,591|Cashewapple,"2625|Fruits, other",591|Cashewapple,others,
592|Kiwi fruit,592|Kiwi fruit,"2625|Fruits, other",592|Kiwi fruit,others,
600|Papayas,600|Papayas,"2625|Fruits, other",600|Papayas,others,
"603|Other tropical fruits, n.e.c.",,,"603|Other tropical fruits, n.e.c.",,
"619|Other fruits, n.e.c.",,,"619|Other fruits, n.e.c.",,
"656|Coffee, green","656|Coffee, green",2630|Coffee and products,"656|Coffee, green",others,
661|Cocoa beans,661|Cocoa beans,2633|Cocoa Beans and products,661|Cocoa beans,others,
667|Tea leaves,667|Tea leaves,2635|Tea (including mate),667|Tea leaves,others,
671|Mate leaves,,,671|Mate leaves,,
"687|Pepper (Piper spp.), raw",,,"687|Pepper (Piper spp.), raw",,
"689|Chillies and peppers, dry (Capsicum spp., Pimenta spp.), raw",,,"689|Chillies and peppers, dry (Capsicum spp., Pimenta spp.), raw",,
"698|Cloves (whole stems), raw","698|Cloves (whole stems), raw",2642|Cloves,"698|Cloves (whole stems), raw",others,
"692|Vanilla, raw","692|Vanilla, raw","2645|Spices, Other","692|Vanilla, raw",others,
"693|Cinnamon and cinnamon-tree flowers, raw","693|Cinnamon and cinnamon-tree flowers, raw","2645|Spices, Other","693|Cinnamon and cinnamon-tree flowers, raw",others,
"702|Nutmeg, mace, cardamoms, raw","702|Nutmeg, mace, cardamoms, raw","2645|Spices, Other","702|Nutmeg, mace, cardamoms, raw",others,
"711|Anise, badian, coriander, cumin, caraway, fennel and juniper berries, raw","711|Anise, badian, coriander, cumin, caraway, fennel and juniper berries, raw","2645|Spices, Other","711|Anise, badian, coriander, cumin, caraway, fennel and juniper berries, raw",others,
"720|Ginger, raw","720|Ginger, raw","2645|Spices, Other","720|Ginger, raw",others,
"723|Other stimulant, spice and aromatic crops, n.e.c.",,,"723|Other stimulant, spice and aromatic crops, n.e.c.",,
109|Infant food,,2680|Infant food,109|Infant food,,
116|Potatoes,116|Potatoes,2531|Potatoes and products,116|Potatoes,potato,
"176|Beans, dry","176|Beans, dry",2546|Beans,"176|Beans, dry",puls_pro,
"187|Peas, dry","187|Peas, dry",2547|Peas,"187|Peas, dry",puls_pro,
"181|Broad beans and horse beans, dry","181|Broad beans and horse beans, dry","2549|Pulses, Other and products","181|Broad beans and horse beans, dry",puls_pro,
"191|Chick peas, dry","191|Chick peas, dry","2549|Pulses, Other and products","191|Chick peas, dry",puls_pro,
"201|Lentils, dry","201|Lentils, dry","2549|Pulses, Other and products","201|Lentils, dry",puls_pro,
"203|Bambara beans, dry","203|Bambara beans, dry","2549|Pulses, Other and products","203|Bambara beans, dry",puls_pro,
205|Vetches,205|Vetches,"2549|Pulses, Other and products",205|Vetches,puls_pro,
270|Rape or colza seed,270|Rape or colza seed,2558|Rape and Mustardseed,270|Rape or colza seed,rapeseed,
292|Mustard seed,292|Mustard seed,2558|Rape and Mustardseed,292|Mustard seed,rapeseed,
"249|Coconuts, in shell","249|Coconuts, in shell",2560|Coconuts - Incl Copra,"249|Coconuts, in shell",rapeseed,
289|Sesame seed,289|Sesame seed,2561|Sesame seed,289|Sesame seed,rapeseed,
260|Olives,260|Olives,2563|Olives (including preserved),260|Olives,rapeseed,
263|Karite nuts (sheanuts),263|Karite nuts (sheanuts),"2570|Oilcrops, Other",263|Karite nuts (sheanuts),rapeseed,
296|Poppy seed,296|Poppy seed,"2570|Oilcrops, Other",296|Poppy seed,rapeseed,
311|Kapokseed in shell,311|Kapokseed in shell,"2570|Oilcrops, Other",311|Kapokseed in shell,rapeseed,
333|Linseed,333|Linseed,"2570|Oilcrops, Other",333|Linseed,rapeseed,
"339|Other oil seeds, n.e.c.",,,"339|Other oil seeds, n.e.c.",,
162|Raw cane or beet sugar (centrifugal only),162|Raw cane or beet sugar (centrifugal only),2542|Sugar (Raw Equivalent),162|Raw cane or beet sugar (centrifugal only),sugar,
236|Soya beans,236|Soya beans,2555|Soyabeans,236|Soya beans,soybean,
"163|Cane sugar, non-centrifugal",,2541|Sugar non-centrifugal,"163|Cane sugar, non-centrifugal",sugar,
161|Other sugar crops n.e.c.,,,161|Other sugar crops n.e.c.,,
1182|Natural honey,1182|Natural honey,2745|Honey,1182|Natural honey,,
157|Sugar beet,157|Sugar beet,2537|Sugar beet,157|Sugar beet,sugr_beet,
156|Sugar cane,156|Sugar cane,2536|Sugar cane,156|Sugar cane,sugr_cane,
267|Sunflower seed,267|Sunflower seed,2557|Sunflower seed,267|Sunflower seed,sunflower,
15|Wheat,15|Wheat,2511|Wheat and products,15|Wheat,tece,
44|Barley,44|Barley,2513|Barley and products,44|Barley,tece,
71|Rye,71|Rye,2515|Rye and products,71|Rye,tece,
75|Oats,75|Oats,2516|Oats,75|Oats,tece,
101|Canary seed,101|Canary seed,"2520|Cereals, Other",101|Canary seed,,
103|Mixed grain,103|Mixed grain,"2520|Cereals, Other",103|Mixed grain,tece,
89|Buckwheat,89|Buckwheat,"2520|Cereals, Other",89|Buckwheat,tece,
92|Quinoa,92|Quinoa,"2520|Cereals, Other",92|Quinoa,,
94|Fonio,94|Fonio,"2520|Cereals, Other",94|Fonio,tece,
97|Triticale,97|Triticale,"2520|Cereals, Other",97|Triticale,tece,
79|Millet,79|Millet,2517|Millet and products,79|Millet,trce,
83|Sorghum,83|Sorghum,2518|Sorghum and products,83|Sorghum,trce,
27|Rice,27|Rice,2807|Rice and products,27|Rice,rice_pro,
28|Husked rice,,2807|Rice and products,28|Husked rice,,
"29|Rice, milled (husked)",,2807|Rice and products,"29|Rice, milled (husked)",,
"31|Rice, milled",,2807|Rice and products,"31|Rice, milled",,
"32|Rice, broken",,2807|Rice and products,"32|Rice, broken",,
38|Flour of rice,,2807|Rice and products,38|Flour of rice,rice_pro,
"110|Communion wafers, empty cachets of a kind suitable for pharmaceutical use, sealing wafers, rice paper and similar products.",,,"110|Communion wafers, empty cachets of a kind suitable for pharmaceutical use, sealing wafers, rice paper and similar products.",,
114|Mixes and doughs for the preparation of bakers' wares,,2511|Wheat and products,114|Mixes and doughs for the preparation of bakers' wares,,
"115|Food preparations of flour, meal or malt extract",,2511|Wheat and products,"115|Food preparations of flour, meal or malt extract",,
16|Wheat and meslin flour,,2511|Wheat and products,16|Wheat and meslin flour,tece,
17|Bran of wheat,,17|Bran of wheat,17|Bran of wheat,brans,
"18|Uncooked pasta, not stuffed or otherwise prepared",,2511|Wheat and products,"18|Uncooked pasta, not stuffed or otherwise prepared",,
20|Bread,,2511|Wheat and products,20|Bread,,
21|Bulgur,,2511|Wheat and products,21|Bulgur,,
22|Pastry,,2511|Wheat and products,22|Pastry,,
41|Breakfast cereals,,2511|Wheat and products,41|Breakfast cereals,,
"46|Barley, pearled",,2513|Barley and products,"46|Barley, pearled",,
"49|Malt, whether or not roasted",,2513|Barley and products,"49|Malt, whether or not roasted",,
57|Germ of maize,,2514|Maize and products,57|Germ of maize,maiz,
58|Flour of maize,,2514|Maize and products,58|Flour of maize,maiz,
59|Bran of maize,,59|Bran of maize,59|Bran of maize,brans,
846|Gluten feed and meal,,,846|Gluten feed and meal,,
"76|Oats, rolled",,2516|Oats,"76|Oats, rolled",tece,
81|Bran of millet,,81|Bran of millet,81|Bran of millet,brans,
85|Bran of sorghum,,85|Bran of sorghum,85|Bran of sorghum,brans,
104|Flour of mixed grain,,"2520|Cereals, Other",104|Flour of mixed grain,tece,
111|Flour of cereals n.e.c.,,,111|Flour of cereals n.e.c.,,
113|Cereal preparations,,"2520|Cereals, Other",113|Cereal preparations,,
91|Bran of buckwheat,,91|Bran of buckwheat,91|Bran of buckwheat,brans,
"117|Flour, meal, powder, flakes, granules and pellets of potatoes",,2531|Potatoes and products,"117|Flour, meal, powder, flakes, granules and pellets of potatoes",,
"118|Potatoes, frozen",,2531|Potatoes and products,"118|Potatoes, frozen",,
126|Flour of cassava,,2532|Cassava and products,126|Flour of cassava,,
"128|Cassava, dry",,2532|Cassava and products,"128|Cassava, dry",,
129|Starch of cassava,,2532|Cassava and products,129|Starch of cassava,sugar,
150|Flour of roots and tubers n.e.c.,,,150|Flour of roots and tubers n.e.c.,,
164|Refined sugar,,2542|Sugar (Raw Equivalent),164|Refined sugar,sugar,
168|Sugar confectionery,,2542|Sugar (Raw Equivalent),168|Sugar confectionery,sugar,
"160|Refined cane or beet sugar, in solid form, containing added flavouring or colouring matter; maple sugar and maple syrup",,2909|Sugar & Sweeteners,"160|Refined cane or beet sugar, in solid form, containing added flavouring or colouring matter; maple sugar and maple syrup",,
165|Molasses,165|Molasses,165|Molasses,165|Molasses,molasses,
166|Other fructose and syrup,,2909|Sugar & Sweeteners,166|Other fructose and syrup,sugar,
167|Sugar and syrups n.e.c.,,,167|Sugar and syrups n.e.c.,,
172|Glucose and dextrose,,2909|Sugar & Sweeteners,172|Glucose and dextrose,sugar,
173|Lactose,,2909|Sugar & Sweeteners,173|Lactose,,
633|Other non-alcoholic caloric beverages,,2909|Sugar & Sweeteners,633|Other non-alcoholic caloric beverages,,
212|Flour of pulses,,"2549|Pulses, Other and products",212|Flour of pulses,,
"229|Brazil nuts, shelled",,2551|Nuts and products,"229|Brazil nuts, shelled",,
"230|Cashew nuts, shelled",,2551|Nuts and products,"230|Cashew nuts, shelled",,
"231|Almonds, shelled",,2551|Nuts and products,"231|Almonds, shelled",,
"232|Walnuts, shelled",,2551|Nuts and products,"232|Walnuts, shelled",,
"233|Hazelnuts, shelled",,2551|Nuts and products,"233|Hazelnuts, shelled",,
235|Prepared nuts,,2551|Nuts and products,235|Prepared nuts,,
239|Soya sauce,,2555|Soyabeans,239|Soya sauce,,
240|Soya paste,,2555|Soyabeans,240|Soya paste,,
"243|Groundnuts, shelled",,2552|Groundnuts,"243|Groundnuts, shelled",,
246|Prepared groundnuts,,2552|Groundnuts,246|Prepared groundnuts,,
247|Peanut butter,,2552|Groundnuts,247|Peanut butter,,
295|Flour of mustard seed,,2558|Rape and Mustardseed,295|Flour of mustard seed,,
"250|Coconuts, desiccated",,2560|Coconuts - Incl Copra,"250|Coconuts, desiccated",,
251|Copra,,2560|Coconuts - Incl Copra,251|Copra,,
262|Olives preserved,,2563|Olives (including preserved),262|Olives preserved,,
1276|Industrial monocarboxylic fatty acids,,2577|Palm Oil,1276|Industrial monocarboxylic fatty acids,, acid oils from refining
1277|Residues of fatty substances,,2577|Palm Oil,1277|Residues of fatty substances,oils,
274|Oil of olive residues,,2580|Olive Oil,274|Oil of olive residues,oils,
1241|Liquid margarine,,"2586|Oilcrops Oil, Other",1241|Liquid margarine,oils,
"1274|Animal or vegetable fats and oils and their fractions, chemically modified, except those hydrogenated, inter-esterified, re-esterified or elaidinized; inedible mixtures or preparations of animal or vegetable fats or oils",,"2586|Oilcrops Oil, Other","1274|Animal or vegetable fats and oils and their fractions, chemically modified, except those hydrogenated, inter-esterified, re-esterified or elaidinized; inedible mixtures or preparations of animal or vegetable fats or oils",oils,
264|Butter of karite nuts,,"2586|Oilcrops Oil, Other",264|Butter of karite nuts,oils,
266|Oil of castor beans,,"2586|Oilcrops Oil, Other",266|Oil of castor beans,oils,
297|Oil of poppy seed,,"2586|Oilcrops Oil, Other",297|Oil of poppy seed,oils,
306|Vegetable tallow,,"2586|Oilcrops Oil, Other",306|Vegetable tallow,oils,
313|Oil of kapok,,"2586|Oilcrops Oil, Other",313|Oil of kapok,oils,
"340|Other oil of vegetable origin, crude n.e.c.",,,"340|Other oil of vegetable origin, crude n.e.c.",,
"664|Cocoa butter, fat and oil",,"2586|Oilcrops Oil, Other","664|Cocoa butter, fat and oil",oils,
390|Tomato juice,,,390|Tomato juice,,
391|Paste of tomatoes,,2601|Tomatoes and products,391|Paste of tomatoes,,
"392|Tomatoes, peeled (o/t vinegar)",,2601|Tomatoes and products,"392|Tomatoes, peeled (o/t vinegar)",,
"447|Sweet corn, frozen",,"2605|Vegetables, other","447|Sweet corn, frozen",,
"448|Sweet corn, prepared or preserved",,"2605|Vegetables, other","448|Sweet corn, prepared or preserved",,
451|Canned mushrooms,,"2605|Vegetables, other",451|Canned mushrooms,,
"465|Other vegetables and pulses, preserved other than by vinegar, acetic acid or sugar, n.e.c.",,,"465|Other vegetables and pulses, preserved other than by vinegar, acetic acid or sugar, n.e.c.",,
"469|Vegetables, dehydrated",,"2605|Vegetables, other","469|Vegetables, dehydrated",,
"471|Vegetables, pulses and potatoes, preserved by vinegar or acetic acid",,"2605|Vegetables, other","471|Vegetables, pulses and potatoes, preserved by vinegar or acetic acid",,
472|Vegetables preserved nes (o/t vinegar),,"2605|Vegetables, other",472|Vegetables preserved nes (o/t vinegar),,
473|Vegetables frozen,,"2605|Vegetables, other",473|Vegetables frozen,,
474|Other vegetables provisionally preserved,,"2605|Vegetables, other",474|Other vegetables provisionally preserved,,
475|Vegetables preserved (frozen),,"2605|Vegetables, other",475|Vegetables preserved (frozen),,
476|Homogenized vegetable preparations,,"2605|Vegetables, other",476|Homogenized vegetable preparations,,
658|Coffee substitutes,,"2605|Vegetables, other",658|Coffee substitutes,,
491|Orange juice,,"2611|Oranges, Mandarines",491|Orange juice,,
"492|Orange juice, concentrated",,"2611|Oranges, Mandarines","492|Orange juice, concentrated",,
498|Juice of lemon,,"2612|Lemons, Limes and products",498|Juice of lemon,,
"499|Lemon juice, concentrated",,"2612|Lemons, Limes and products","499|Lemon juice, concentrated",,
509|Grapefruit juice,,2613|Grapefruit and products,509|Grapefruit juice,,
"510|Grapefruit juice, concentrated",,2613|Grapefruit and products,"510|Grapefruit juice, concentrated",,
513|Juice of citrus fruit n.e.c.,,,513|Juice of citrus fruit n.e.c.,,
"514|Citrus juice, concentrated n.e.c.",,,"514|Citrus juice, concentrated n.e.c.",,
518|Apple juice,,2617|Apples and products,518|Apple juice,,
"519|Apple juice, concentrated",,2617|Apples and products,"519|Apple juice, concentrated",,
"575|Pineapples, otherwise prepared or preserved",,2618|Pineapples and products,"575|Pineapples, otherwise prepared or preserved",,
576|Pineapple juice,,2618|Pineapples and products,576|Pineapple juice,,
"580|Juice of pineapples, concentrated",,2618|Pineapples and products,"580|Juice of pineapples, concentrated",,
561|Raisins,,2620|Grapes and products (excl wine),561|Raisins,,
562|Grape juice,,2620|Grapes and products (excl wine),562|Grape juice,,
"527|Apricots, dried",,"2625|Fruits, other","527|Apricots, dried",,
"537|Plums, dried",,"2625|Fruits, other","537|Plums, dried",,
"539|Juice of plum, concentrated",,"2625|Fruits, other","539|Juice of plum, concentrated",,
"570|Figs, dried",,"2625|Fruits, other","570|Figs, dried",,
"620|Other fruit n.e.c., dried",,,"620|Other fruit n.e.c., dried",,
622|Juice of fruits n.e.c.,,,622|Juice of fruits n.e.c.,,
623|Fruit prepared n.e.c.,,,623|Fruit prepared n.e.c.,,
"626|Homogenized cooked fruit, prepared",,"2625|Fruits, other","626|Homogenized cooked fruit, prepared",,
"657|Coffee, decaffeinated or roasted",,2630|Coffee and products,"657|Coffee, decaffeinated or roasted",,
659|Coffee extracts,,2630|Coffee and products,659|Coffee extracts,,
662|Cocoa paste not defatted,,2633|Cocoa Beans and products,662|Cocoa paste not defatted,,
665|Cocoa powder and cake,,2633|Cocoa Beans and products,665|Cocoa powder and cake,,
666|Chocolate products nes,,2633|Cocoa Beans and products,666|Chocolate products nes,,
"672|Extracts, essences and concentrates of tea or mate, and preparations with a basis thereof or with a basis of tea or mate",,,"672|Extracts, essences and concentrates of tea or mate, and preparations with a basis thereof or with a basis of tea or mate",,
565|Vermouth and other wine of fresh grapes flavoured with plats or aromatic substances,,2655|Wine,565|Vermouth and other wine of fresh grapes flavoured with plats or aromatic substances,alcohol,
"1063|Eggs, liquid",,2949|Eggs,"1063|Eggs, liquid",,
"1063|Eggs, liquid",,2744|Eggs,"1063|Eggs, liquid",,
"1064|Eggs, dried",,2949|Eggs,"1064|Eggs, dried",,
"1064|Eggs, dried",,2744|Eggs,"1064|Eggs, dried",,
"892|Yoghurt, with additives",,2948|Milk - Excluding Butter,"892|Yoghurt, with additives",,
"892|Yoghurt, with additives",,2848|Milk - Excluding Butter,"892|Yoghurt, with additives",,
"893|Buttermilk, curdled and acidified milk",,2948|Milk - Excluding Butter,"893|Buttermilk, curdled and acidified milk",,
"893|Buttermilk, curdled and acidified milk",,2848|Milk - Excluding Butter,"893|Buttermilk, curdled and acidified milk",,
907|Processed cheese,,2948|Milk - Excluding Butter,907|Processed cheese,,
907|Processed cheese,,2848|Milk - Excluding Butter,907|Processed cheese,,
909|Dairy products n.e.c.,,,909|Dairy products n.e.c.,,
910|Ice cream and other edible ice,,2948|Milk - Excluding Butter,910|Ice cream and other edible ice,,
910|Ice cream and other edible ice,,2848|Milk - Excluding Butter,910|Ice cream and other edible ice,,
"1018|Edible offal of goat, fresh, chilled or frozen","1018|Edible offal of goat, fresh, chilled or frozen",,"1018|Edible offal of goat, fresh, chilled or frozen",livst_rum,
"1018|Edible offal of goat, fresh, chilled or frozen","1018|Edible offal of goat, fresh, chilled or frozen",2945|Offals,"1018|Edible offal of goat, fresh, chilled or frozen",,
"1036|Edible offal of pigs, fresh, chilled or frozen","1036|Edible offal of pigs, fresh, chilled or frozen",,"1036|Edible offal of pigs, fresh, chilled or frozen",livst_pig,
"1036|Edible offal of pigs, fresh, chilled or frozen","1036|Edible offal of pigs, fresh, chilled or frozen",2945|Offals,"1036|Edible offal of pigs, fresh, chilled or frozen",,
1037|Fat of pigs,1037|Fat of pigs,,1037|Fat of pigs,livst_pig,
1037|Fat of pigs,1037|Fat of pigs,"2737|Fats, Animals, Raw",1037|Fat of pigs,,
"1038|Meat of pig boneless, fresh or chilled",,2733|Pigmeat,"1038|Meat of pig boneless, fresh or chilled",livst_pig,
"1039|Pig meat, cuts, salted, dried or smoked (bacon and ham)",,2733|Pigmeat,"1039|Pig meat, cuts, salted, dried or smoked (bacon and ham)",livst_pig,
"1041|Sausages and similar products of meat, offal or blood of pig",,2733|Pigmeat,"1041|Sausages and similar products of meat, offal or blood of pig",livst_pig,
1042|Pig meat preparations,,2733|Pigmeat,1042|Pig meat preparations,livst_pig,
"1059|Edible offals and liver of chickens and guinea fowl, fresh, chilled or frozen",,,"1059|Edible offals and liver of chickens and guinea fowl, fresh, chilled or frozen",livst_chick,
"1059|Edible offals and liver of chickens and guinea fowl, fresh, chilled or frozen",,2945|Offals,"1059|Edible offals and liver of chickens and guinea fowl, fresh, chilled or frozen",,
1060|Fatty liver preparations,,2734|Poultry Meat,1060|Fatty liver preparations,,
1061|Poultry meat preparations,,2734|Poultry Meat,1061|Poultry meat preparations,livst_chick,
"1074|Edible offals and liver of geese, fresh, chilled or frozen",,,"1074|Edible offals and liver of geese, fresh, chilled or frozen",livst_chick,
"1075|Edible offals and liver of ducks, fresh, chilled or frozen",,,"1075|Edible offals and liver of ducks, fresh, chilled or frozen",livst_chick,
"1074|Edible offals and liver of geese, fresh, chilled or frozen",,2945|Offals,"1074|Edible offals and liver of geese, fresh, chilled or frozen",,
"1075|Edible offals and liver of ducks, fresh, chilled or frozen",,2945|Offals,"1075|Edible offals and liver of ducks, fresh, chilled or frozen",,
1129|Fat of camels,1129|Fat of camels,"2737|Fats, Animals, Raw",1129|Fat of camels,,
"1164|Other meat and edible meat offal, salted, in brine, dried or smoked; edible flours and meals of meat or meat offal",,"2735|Meat, Other","1164|Other meat and edible meat offal, salted, in brine, dried or smoked; edible flours and meals of meat or meat offal",,
1168|Animal oils and fats n.e.c.,,,1168|Animal oils and fats n.e.c.,,
1243|Fat preparations n.e.c.,,,1243|Fat preparations n.e.c.,,
"868|Edible offal of cattle, fresh, chilled or frozen","868|Edible offal of cattle, fresh, chilled or frozen",2945|Offals,"868|Edible offal of cattle, fresh, chilled or frozen",,
"868|Edible offal of cattle, fresh, chilled or frozen","868|Edible offal of cattle, fresh, chilled or frozen",,"868|Edible offal of cattle, fresh, chilled or frozen",livst_rum,
"869|Cattle fat, unrendered","869|Cattle fat, unrendered",,"869|Cattle fat, unrendered",livst_rum,
"869|Cattle fat, unrendered","869|Cattle fat, unrendered","2737|Fats, Animals, Raw","869|Cattle fat, unrendered",,
"870|Meat of cattle boneless, fresh or chilled",,2731|Bovine Meat,"870|Meat of cattle boneless, fresh or chilled",livst_rum,
"874|Sausages and similar products of meat, offal or blood of beef and veal",,2731|Bovine Meat,"874|Sausages and similar products of meat, offal or blood of beef and veal",livst_rum,
875|beef and veal preparations nes,,2731|Bovine Meat,875|beef and veal preparations nes,livst_rum,
"978|Edible offal of sheep, fresh, chilled or frozen","978|Edible offal of sheep, fresh, chilled or frozen",2945|Offals,"978|Edible offal of sheep, fresh, chilled or frozen",,
"978|Edible offal of sheep, fresh, chilled or frozen","978|Edible offal of sheep, fresh, chilled or frozen",,"978|Edible offal of sheep, fresh, chilled or frozen",livst_rum,
994|Wool grease and lanolin,,"2737|Fats, Animals, Raw",994|Wool grease and lanolin,,
828|Cigarettes,,,828|Cigarettes,,
1293|Crude organic material n.e.c.,,,1293|Crude organic material n.e.c.,,
"831|Other manufactured tobacco and manufactured tobacco substitutes; ""homogenized"" or ""reconstituted"" tobacco; tobacco extracts and essences",,,"831|Other manufactured tobacco and manufactured tobacco substitutes; ""homogenized"" or ""reconstituted"" tobacco; tobacco extracts and essences",,
1232|Food preparations n.e.c.,,,1232|Food preparations n.e.c.,,
"1169|Other live animals non food, n.e.c.",,,"1169|Other live animals non food, n.e.c.",,
677|Hop cones,,,677|Hop cones,,
"767|Cotton lint, ginned",,,"767|Cotton lint, ginned",,
826|Unmanufactured tobacco,,,826|Unmanufactured tobacco,,
652|Vegetable products for feed n.e.c.,,,652|Vegetable products for feed n.e.c.,,
1057|Chickens,,,1057|Chickens,,
"30|Rice, paddy (rice milled equivalent)",,,"30|Rice, paddy (rice milled equivalent)",,
"843|Dog or cat food, put up for retail sale",,,"843|Dog or cat food, put up for retail sale",,
"1171|Other live animals, n.e.c.",,,"1171|Other live animals, n.e.c.",,
"988|Wool, degreased or carbonized, not carded or combed",,,"988|Wool, degreased or carbonized, not carded or combed",,
829|Cigars and cheroots,,,829|Cigars and cheroots,,
"768|Cotton, carded or combed",,,"768|Cotton, carded or combed",,
753|Essential oils n.e.c.,,,753|Essential oils n.e.c.,,
866|Cattle,,,866|Cattle,,
1150|Other rodents,,,1150|Other rodents,,
653|Food wastes,,,653|Food wastes,,
"999|Raw hides and skins of sheep or lambs, with wool",,,"999|Raw hides and skins of sheep or lambs, with wool",,
"460|Vegetable products, fresh or dry n.e.c.",,,"460|Vegetable products, fresh or dry n.e.c.",,
"920|Hides, wet-salted of cattle",,,"920|Hides, wet-salted of cattle",,
1107|Asses,,,1107|Asses,,
"1218|Fine animal hair, n.e.c.",,,"1218|Fine animal hair, n.e.c.",,
836|Natural rubber in primary forms,,,836|Natural rubber in primary forms,,
631|Ice and snow,,,631|Ice and snow,,
1183|Beeswax,,,1183|Beeswax,,
1181|Bees,,,1181|Bees,,
837|Natural rubber in other forms,,,837|Natural rubber in other forms,,
660|Coffee husks and skins,,,660|Coffee husks and skins,,
1016|Goats,,,1016|Goats,,
1187|Silk waste,,,1187|Silk waste,,
769|Cotton waste,,,769|Cotton waste,,
"651|Other forage products, n.e.c.",,,"651|Other forage products, n.e.c.",,
"628|Pulp, waste of fruit for feed",,,"628|Pulp, waste of fruit for feed",,
"987|Shorn wool, greasy, including fleece-washed shorn wool",,,"987|Shorn wool, greasy, including fleece-washed shorn wool",,
"754|Pyrethrum, dried flowers",,,"754|Pyrethrum, dried flowers",,
"780|Jute, raw or retted",,,"780|Jute, raw or retted",,
845|Compound feed n.e.c.,,,845|Compound feed n.e.c.,,
862|Lucerne (alfalfa) meal and pellets,,,862|Lucerne (alfalfa) meal and pellets,,
1096|Horses,,,1096|Horses,,
"1216|Other raw skins of other animals, preserved",,,"1216|Other raw skins of other animals, preserved",,
169|Beet pulp,,,169|Beet pulp,,
"1009|Wool, hair waste",,,"1009|Wool, hair waste",,
1034|Swine / pigs,,,1034|Swine / pigs,,
"928|Skins, wet-salted of calves",,,"928|Skins, wet-salted of calves",,
"821|Other fibre crops, raw, n.e.c.",,,"821|Other fibre crops, raw, n.e.c.",,
946|Buffalo,,,946|Buffalo,,
"809|Abaca, manila hemp, raw",,,"809|Abaca, manila hemp, raw",,
1126|Camels,,,1126|Camels,,
"748|Peppermint, spearmint",,,"748|Peppermint, spearmint",,
"813|Coir, raw",,,"813|Coir, raw",,
"1026|Skins, wet-salted of goats",,,"1026|Skins, wet-salted of goats",,
"773|Flax, processed but not spun",,,"773|Flax, processed but not spun",,
"771|Flax, raw or retted",,,"771|Flax, raw or retted",,
1173|Meat meal,,,1173|Meat meal,,
1068|Ducks,,,1068|Ducks,,
770|Cotton linters,,,770|Cotton linters,,
"997|Skins, dry-salted of sheep",,,"997|Skins, dry-salted of sheep",,
654|Brewing or distilling dregs and waste,,,654|Brewing or distilling dregs and waste,,
"1296|Vegetable waxes (other than triglycerides), whether or not refined or coloured",,,"1296|Vegetable waxes (other than triglycerides), whether or not refined or coloured",,
976|Sheep,,,976|Sheep,,
"635|Cereal straw, husks, unprepared, ground, pressed, or in the form of pellets",,,"635|Cereal straw, husks, unprepared, ground, pressed, or in the form of pellets",,
850|Feed supplements,,,850|Feed supplements,,
1186|Raw silk (not thrown),,,1186|Raw silk (not thrown),,
737|Oil of citronella,,,737|Oil of citronella,,
1140|Rabbits and hares,,,1140|Rabbits and hares,,
755|Pyrethrum extract,,,755|Pyrethrum extract,,
"774|Flax, tow and waste",,,"774|Flax, tow and waste",,
1110|Mules and hinnies,,,1110|Mules and hinnies,,
1079|Turkeys,,,1079|Turkeys,,
1083|Other birds,,,1083|Other birds,,
"996|Skins, wet-salted of sheep",,,"996|Skins, wet-salted of sheep",,
1185|Silk-worm cocoons suitable for reeling,,,1185|Silk-worm cocoons suitable for reeling,,
1031|Coarse goat hair,,,1031|Coarse goat hair,,
"1104|Hides, dry-salted of horses",,,"1104|Hides, dry-salted of horses",,
1157|Other camelids,,,1157|Other camelids,,
"859|Hay for forage, from other crops n.e.c.",,,"859|Hay for forage, from other crops n.e.c.",,
855|Feed minerals,,,855|Feed minerals,,
120|Potato offals,,,120|Potato offals,,
"858|Hay for forage, from legumes",,,"858|Hay for forage, from legumes",,
"958|Hides, wet-salted of buffalo",,,"958|Hides, wet-salted of buffalo",,
919|Raw hides and skins of cattle,,,919|Raw hides and skins of cattle,,
"959|Hides, dry-salted of buffalo",,,"959|Hides, dry-salted of buffalo",,
"1213|Other raw skins of other animals, fresh",,,"1213|Other raw skins of other animals, fresh",,
"778|Kapok fibre, raw",,,"778|Kapok fibre, raw",,
853|Vitamins,,,853|Vitamins,,
"646|Turnips, for forage",,,"646|Turnips, for forage",,
"1134|Hides, wet-salted of camels",,,"1134|Hides, wet-salted of camels",,
630|Cane tops,,,630|Cane tops,,
1293|Crude organic material nec,,,1293|Crude organic material nec,,
"723|Other stimulant, spice and aromatic crops, nec","723|Other stimulant, spice and aromatic crops, nec","2645|Spices, Other","723|Other stimulant, spice and aromatic crops, nec",others,
623|Fruit prepared nec,,"2625|Fruits, other",623|Fruit prepared nec,,
"401|Chillies and peppers, green (Capsicum spp and Pimenta spp)","401|Chillies and peppers, green (Capsicum spp and Pimenta spp)","2605|Vegetables, other","401|Chillies and peppers, green (Capsicum spp and Pimenta spp)",others,
1232|Food preparations nec,,2928|Miscellaneous,1232|Food preparations nec,,
1232|Food preparations nec,,2899|Miscellaneous,1232|Food preparations nec,,
622|Juice of fruits nec,,"2625|Fruits, other",622|Juice of fruits nec,,
"620|Other fruit nec, dried",,"2625|Fruits, other","620|Other fruit nec, dried",,
"463|Other vegetables, fresh nec","463|Other vegetables, fresh nec","2605|Vegetables, other","463|Other vegetables, fresh nec",others,
"242|Groundnuts, excluding shelled","242|Groundnuts, excluding shelled",2552|Groundnuts,"242|Groundnuts, excluding shelled",groundnut,
"619|Other fruits, nec","619|Other fruits, nec","2625|Fruits, other","619|Other fruits, nec",others,
"110|Communion wafers, empty cachets of a kind suitable for pharmaceutical use, sealing wafers, rice paper and similar products",,2511|Wheat and products,"110|Communion wafers, empty cachets of a kind suitable for pharmaceutical use, sealing wafers, rice paper and similar products",,
"149|Edible roots and tubers with high starch or inulin content, nec, fresh","149|Edible roots and tubers with high starch or inulin content, nec, fresh","2534|Roots, Other","149|Edible roots and tubers with high starch or inulin content, nec, fresh",cassav_sp,
211|Other pulses nec,211|Other pulses nec,"2549|Pulses, Other and products",211|Other pulses nec,puls_pro,
1243|Fat preparations nec,,"2737|Fats, Animals, Raw",1243|Fat preparations nec,,
"460|Vegetable products, fresh or dry nec",,"2605|Vegetables, other","460|Vegetable products, fresh or dry nec",,
909|Dairy products nec,,2948|Milk - Excluding Butter,909|Dairy products nec,,
909|Dairy products nec,,2848|Milk - Excluding Butter,909|Dairy products nec,,
"687|Pepper (Piper spp), raw","687|Pepper (Piper spp), raw",2640|Pepper,"687|Pepper (Piper spp), raw",others,
1275|hydrogenated oils and fats,,"2586|Oilcrops Oil, Other",1275|hydrogenated oils and fats,oils,
111|Flour of cereals nec,,"2520|Cereals, Other",111|Flour of cereals nec,tece,
"420|Broad beans and horse beans, green","420|Broad beans and horse beans, green","2605|Vegetables, other","420|Broad beans and horse beans, green",others,
"340|Other oil of vegetable origin, crude nec",,"2586|Oilcrops Oil, Other","340|Other oil of vegetable origin, crude nec",oils,
"514|Citrus juice, concentrated nec",,"2614|Citrus, Other","514|Citrus juice, concentrated nec",,
450|Dried mushrooms,,"2605|Vegetables, other",450|Dried mushrooms,,
"689|Chillies and peppers, dry (Capsicum spp, Pimenta spp), raw","689|Chillies and peppers, dry (Capsicum spp, Pimenta spp), raw",2641|Pimento,"689|Chillies and peppers, dry (Capsicum spp, Pimenta spp), raw",others,
50|Malt extract,,2513|Barley and products,50|Malt extract,,
1172|Meat prepared nec,,"2735|Meat, Other",1172|Meat prepared nec,,
"1169|Other live animals non food, nec",,,"1169|Other live animals non food, nec",,
112|Bran of cereals nec,,112|Bran of cereals nec,112|Bran of cereals nec,brans,
513|Juice of citrus fruit nec,,"2614|Citrus, Other",513|Juice of citrus fruit nec,,
"1259|Feed, food waste preparations",,,"1259|Feed, food waste preparations",,
"234|Other nuts (excluding wild edible nuts and groundnuts), in shell, nec","234|Other nuts (excluding wild edible nuts and groundnuts), in shell, nec",2551|Nuts and products,"234|Other nuts (excluding wild edible nuts and groundnuts), in shell, nec",others,
459|Chicory roots,459|Chicory roots,"2605|Vegetables, other",459|Chicory roots,others,
"1218|Fine animal hair, nec",,,"1218|Fine animal hair, nec",,
"1091|Eggs from other birds in shell, fresh, nec","1091|Eggs from other birds in shell, fresh, nec",2744|Eggs,"1091|Eggs from other birds in shell, fresh, nec",livst_egg,
"1091|Eggs from other birds in shell, fresh, nec","1091|Eggs from other birds in shell, fresh, nec",2949|Eggs,"1091|Eggs from other birds in shell, fresh, nec",,aggreagte
"625|Fruit, nuts, peel, sugar preserved",,"2625|Fruits, other","625|Fruit, nuts, peel, sugar preserved",,
167|Sugar and syrups nec,,2909|Sugar & Sweeteners,167|Sugar and syrups nec,,
624|Flour of fruits,,"2625|Fruits, other",624|Flour of fruits,,
"641|Forage and silage, alfalfa",,,"641|Forage and silage, alfalfa",,
558|Other berries and fruits of the genus vaccinium nec,558|Other berries and fruits of the genus vaccinium nec,"2625|Fruits, other",558|Other berries and fruits of the genus vaccinium nec,others,
845|Compound feed nec,,,845|Compound feed nec,,
"841|Feed, compound, poultry",,,"841|Feed, compound, poultry",,
"195|Cow peas, dry","195|Cow peas, dry","2549|Pulses, Other and products","195|Cow peas, dry",puls_pro,
"1195|Skins, furs",,,"1195|Skins, furs",,
"1002|Skins, karakul",,,"1002|Skins, karakul",,
"339|Other oil seeds, nec","339|Other oil seeds, nec","2570|Oilcrops, Other","339|Other oil seeds, nec",rapeseed,
"1008|Hair, carded/combed",,,"1008|Hair, carded/combed",,
753|Essential oils nec,,,753|Essential oils nec,,
541|Other stone fruits,541|Other stone fruits,"2625|Fruits, other",541|Other stone fruits,others,
"839|Balata, gutta-percha, guayule, chicle and similar natural gums in primary forms or in plates, sheets or strip",,,"839|Balata, gutta-percha, guayule, chicle and similar natural gums in primary forms or in plates, sheets or strip",,
"343|Flours and meals of oil seeds or oleaginous fruits, except those of mustard",,2913|Oilcrops,"343|Flours and meals of oil seeds or oleaginous fruits, except those of mustard",,
1217|Leather used & waste,,,1217|Leather used & waste,,
"873|Extracts and juices of meat, fish, crustaceans, molluscs or other aquatic invertebrates",,2731|Bovine Meat,"873|Extracts and juices of meat, fish, crustaceans, molluscs or other aquatic invertebrates",,
877|Homogenized meat preparations,,2731|Bovine Meat,877|Homogenized meat preparations,,
127|Tapioca of cassava,,2532|Cassava and products,127|Tapioca of cassava,,
299|Melonseed,299|Melonseed,"2570|Oilcrops, Other",299|Melonseed,rapeseed,
563|Must of grape,,2620|Grapes and products (excl wine),563|Must of grape,,
1168|Animal oils and fats nec,,"2737|Fats, Animals, Raw",1168|Animal oils and fats nec,,
"1030|Hair, goat, fine",,,"1030|Hair, goat, fine",,
"512|Other citrus fruit, nec","512|Other citrus fruit, nec","2614|Citrus, Other","512|Other citrus fruit, nec",others,
887|Ghee from cow milk,887|Ghee from cow milk,"2740|Butter, Ghee",887|Ghee from cow milk,livst_milk,
547|Raspberries,547|Raspberries,"2625|Fruits, other",547|Raspberries,others,
"872|Bovine meat, salted, dried or smoked",,2731|Bovine Meat,"872|Bovine meat, salted, dried or smoked",,
35|Bran of rice,,35|Bran of rice,35|Bran of rice,brans,
"216|Brazil nuts, in shell","216|Brazil nuts, in shell",2551|Nuts and products,"216|Brazil nuts, in shell",others,
"1167|Offals nec (excluding mammals), fresh, chilled or frozen",,2945|Offals,"1167|Offals nec (excluding mammals), fresh, chilled or frozen",,
"871|Cattle, butcher fat",,"2737|Fats, Animals, Raw","871|Cattle, butcher fat",,
"871|Cattle, butcher fat",,,"871|Cattle, butcher fat",livst_rum,
108|Cereals nec,108|Cereals nec,"2520|Cereals, Other",108|Cereals nec,tece,
652|Vegetable products for feed nec,,,652|Vegetable products for feed nec,,
1276|Industrial monocarboxylic fatty acids, acid oils from refining,,,1276|Industrial monocarboxylic fatty acids, acid oils from refining
"1166|Other meat nec (excluding mammals), fresh, chilled or frozen","1166|Other meat nec (excluding mammals), fresh, chilled or frozen","2735|Meat, Other","1166|Other meat nec (excluding mammals), fresh, chilled or frozen",livst_rum,
213|Bran of pulses,,213|Bran of pulses,213|Bran of pulses,,
72|Flour of rye,,2515|Rye and products,72|Flour of rye,tece,
1022|Butter of goat milk,1022|Butter of goat milk,"2740|Butter, Ghee",1022|Butter of goat milk,,
"896|Skim milk, condensed","896|Skim milk, condensed",2848|Milk - Excluding Butter,"896|Skim milk, condensed",livst_milk,
"896|Skim milk, condensed","896|Skim milk, condensed",2948|Milk - Excluding Butter,"896|Skim milk, condensed",,
"603|Other tropical fruits, nec","603|Other tropical fruits, nec","2625|Fruits, other","603|Other tropical fruits, nec",others,
278|Jojoba oil,,"2586|Oilcrops Oil, Other",278|Jojoba oil,oils,
1072|Geese,,,1072|Geese,,
"998|Skins, sheep nes",,,"998|Skins, sheep nes",,
"1100|Hair, horse",,,"1100|Hair, horse",,
"842|Feed, compound, pigs",,,"842|Feed, compound, pigs",,
150|Flour of roots and tubers nec,,"2534|Roots, Other",150|Flour of roots and tubers nec,,
"1021|Cheese from milk of goats, fresh or processed","1021|Cheese from milk of goats, fresh or processed",2848|Milk - Excluding Butter,"1021|Cheese from milk of goats, fresh or processed",livst_milk,
"1021|Cheese from milk of goats, fresh or processed","1021|Cheese from milk of goats, fresh or processed",2948|Milk - Excluding Butter,"1021|Cheese from milk of goats, fresh or processed",,
461|Locust beans (carobs),461|Locust beans (carobs),"2605|Vegetables, other",461|Locust beans (carobs),others,
"604|Other tropical fruit, dried",,"2625|Fruits, other","604|Other tropical fruit, dried",,
280|Safflower seed,280|Safflower seed,"2570|Oilcrops, Other",280|Safflower seed,rapeseed,
"1214|Hides, wet salted nes",,,"1214|Hides, wet salted nes",,
137|Yams,137|Yams,2535|Yams,137|Yams,cassav_sp,
"782|Kenaf, and other textile bast fibres, raw or retted",,,"782|Kenaf, and other textile bast fibres, raw or retted",,
1221|Lard stearine and lard oil,,,1221|Lard stearine and lard oil,livst_pig,
1221|Lard stearine and lard oil,,"2737|Fats, Animals, Raw",1221|Lard stearine and lard oil,,
466|Other vegetable juices,,"2605|Vegetables, other",466|Other vegetable juices,,
905|Whey cheese,,2948|Milk - Excluding Butter,905|Whey cheese,,
905|Whey cheese,,2848|Milk - Excluding Butter,905|Whey cheese,,
983|Butter and ghee of sheep milk,983|Butter and ghee of sheep milk,"2740|Butter, Ghee",983|Butter and ghee of sheep milk,livst_milk,
"1089|Meat of pigeons and other birds nec, fresh, chilled or frozen","1089|Meat of pigeons and other birds nec, fresh, chilled or frozen","2735|Meat, Other","1089|Meat of pigeons and other birds nec, fresh, chilled or frozen",livst_chick,
45|Pot barley,,2513|Barley and products,45|Pot barley,,
"840|Feed, compound, cattle",,,"840|Feed, compound, cattle",,
"636|Forage and silage, maize",,,"636|Forage and silage, maize",,
"1081|Edible offals and liver of turkey, fresh, chilled or frozen",,,"1081|Edible offals and liver of turkey, fresh, chilled or frozen",livst_chick,
"1081|Edible offals and liver of turkey, fresh, chilled or frozen",,2945|Offals,"1081|Edible offals and liver of turkey, fresh, chilled or frozen",,
430|Okra,430|Okra,"2605|Vegetables, other",430|Okra,others,
"651|Other forage products, nec",,,"651|Other forage products, nec",,
336|Hempseed,336|Hempseed,"2570|Oilcrops, Other",336|Hempseed,rapeseed,
256|Palm kernels,256|Palm kernels,2562|Palm kernels,256|Palm kernels,not_clear,
"1171|Other live animals, nec",,,"1171|Other live animals, nec",,
663|Cocoa husks and shells,,,663|Cocoa husks and shells,,
"1098|Edible offals of horses and other equines,  fresh, chilled or frozen","1098|Edible offals of horses and other equines,  fresh, chilled or frozen",2945|Offals,"1098|Edible offals of horses and other equines,  fresh, chilled or frozen",,
878|Liver preparations,,2945|Offals,878|Liver preparations,,
"947|Meat of buffalo, fresh or chilled","947|Meat of buffalo, fresh or chilled",2731|Bovine Meat,"947|Meat of buffalo, fresh or chilled",livst_rum,
"1127|Meat of camels, fresh or chilled","1127|Meat of camels, fresh or chilled","2735|Meat, Other","1127|Meat of camels, fresh or chilled",livst_rum,
"1219|Hair, coarse nes",,,"1219|Hair, coarse nes",,
"859|Hay for forage, from other crops nec",,,"859|Hay for forage, from other crops nec",,
"197|Pigeon peas, dry","197|Pigeon peas, dry","2549|Pulses, Other and products","197|Pigeon peas, dry",puls_pro,
"821|Other fibre crops, raw, nec",,,"821|Other fibre crops, raw, nec",,
"789|Sisal, raw",,,"789|Sisal, raw",,
"1028|Skins, goat nes",,,"1028|Skins, goat nes",,
"1027|Skins, goat, dry salted",,,"1027|Skins, goat, dry salted",,
136|Taro,136|Taro,"2534|Roots, Other",136|Taro,cassav_sp,
"857|Hay, non-leguminous",,,"857|Hay, non-leguminous",,
"777|True hemp, raw or retted",,,"777|True hemp, raw or retted",,
"895|Skim milk, evaporated","895|Skim milk, evaporated",2848|Milk - Excluding Butter,"895|Skim milk, evaporated",livst_milk,
"895|Skim milk, evaporated","895|Skim milk, evaporated",2948|Milk - Excluding Butter,"895|Skim milk, evaporated",,
"1047|Skins, pig nes",,,"1047|Skins, pig nes",,
"1146|Skins, rabbit",,,"1146|Skins, rabbit",,
"903|Whey, fresh",,2948|Milk - Excluding Butter,"903|Whey, fresh",,
"903|Whey, fresh",,2848|Milk - Excluding Butter,"903|Whey, fresh",,
"922|Hides, cattle nes",,,"922|Hides, cattle nes",,
"921|Hides, cattle, dry salted",,,"921|Hides, cattle, dry salted",,
"1105|Hides, horse nes",,,"1105|Hides, horse nes",,
48|Barley flour and grits,,2513|Barley and products,48|Barley flour and grits,tece,
496|Juice of tangerine,,"2611|Oranges, Mandarines",496|Juice of tangerine,,
210|Lupins,210|Lupins,"2549|Pulses, Other and products",210|Lupins,puls_pro,
647|Beets for fodder,,,647|Beets for fodder,,
105|Bran of mixed grain,,105|Bran of mixed grain,105|Bran of mixed grain,brans,
175|Isoglucose,,2909|Sugar & Sweeteners,175|Isoglucose,,
276|Oil of tung nuts,,"2586|Oilcrops Oil, Other",276|Oil of tung nuts,oils,
584|Mango pulp,,"2625|Fruits, other",584|Mango pulp,,
19|Germ of wheat,,2511|Wheat and products,19|Germ of wheat,,
1065|Fat of poultry,,"2737|Fats, Animals, Raw",1065|Fat of poultry,,
1065|Fat of poultry,,,1065|Fat of poultry,livst_chick,
"1103|Hides, horse, wet salted",,,"1103|Hides, horse, wet salted",,
161|Other sugar crops nec,161|Other sugar crops nec,2909|Sugar & Sweeteners,161|Other sugar crops nec,,aggregate
1295|Spermaceti,,,1295|Spermaceti,,
"1007|Wool, shoddy",,,"1007|Wool, shoddy",,
"899|Buttermilk, dry","899|Buttermilk, dry",2848|Milk - Excluding Butter,"899|Buttermilk, dry",livst_milk,
"899|Buttermilk, dry","899|Buttermilk, dry",2948|Milk - Excluding Butter,"899|Buttermilk, dry",,
904|Cheese from skimmed cow milk,904|Cheese from skimmed cow milk,2848|Milk - Excluding Butter,904|Cheese from skimmed cow milk,livst_milk,
904|Cheese from skimmed cow milk,904|Cheese from skimmed cow milk,2948|Milk - Excluding Butter,904|Cheese from skimmed cow milk,,
121|Tapioca of potatoes,,2531|Potatoes and products,121|Tapioca of potatoes,,
"293|Mustard seed oil, crude",,2574|Rape and Mustard Oil,"293|Mustard seed oil, crude",oils,
73|Bran of rye,,73|Bran of rye,73|Bran of rye,brans,
265|Castor oil seeds,265|Castor oil seeds,"2570|Oilcrops, Other",265|Castor oil seeds,rapeseed,
135|Yautia,135|Yautia,"2534|Roots, Other",135|Yautia,cassav_sp,
1222|Degras,,"2737|Fats, Animals, Raw",1222|Degras,,
"1215|Hides nes, dry salted",,,"1215|Hides nes, dry salted",,
"930|Skins, calve nes",,,"930|Skins, calve nes",,
"1066|Poultry fat, rendered",,"2737|Fats, Animals, Raw","1066|Poultry fat, rendered",,
"1066|Poultry fat, rendered",,,"1066|Poultry fat, rendered",livst_chick,
423|String beans,423|String beans,"2605|Vegetables, other",423|String beans,others,
170|Bagasse,,,170|Bagasse,,
47|Bran of barley,,47|Bran of barley,47|Bran of barley,brans,
"929|Skins, calve, dry salted",,,"929|Skins, calve, dry salted",,
"465|Other vegetables and pulses, preserved other than by vinegar, acetic acid or sugar, nec",,,"465|Other vegetables and pulses, preserved other than by vinegar, acetic acid or sugar, nec",,
"1045|Skins, pig, wet salted",,,"1045|Skins, pig, wet salted",,
583|Juice of mango,,"2625|Fruits, other",583|Juice of mango,,
"788|Ramie, raw or retted",,,"788|Ramie, raw or retted",,
"948|Edible offal of buffalo, fresh, chilled or frozen","948|Edible offal of buffalo, fresh, chilled or frozen",2945|Offals,"948|Edible offal of buffalo, fresh, chilled or frozen",,
273|Olive residues,,,273|Olive residues,,
"566|Grapes, marc",,,"566|Grapes, marc",,
80|Flour of millet,,2517|Millet and products,80|Flour of millet,trce,
"852|Feed, other concentrates nes",,,"852|Feed, other concentrates nes",,
"979|Sheep fat, unrendered","979|Sheep fat, unrendered","2737|Fats, Animals, Raw","979|Sheep fat, unrendered",,
84|Flour of sorghum,,2518|Sorghum and products,84|Flour of sorghum,trce,
90|Flour of buckwheat,,"2520|Cereals, Other",90|Flour of buckwheat,tece,
"151|Edible roots and tubers with high starch or inulin content, nec, dry",,"2534|Roots, Other","151|Edible roots and tubers with high starch or inulin content, nec, dry",,
655|Vegetables and roots fodder,,,655|Vegetables and roots fodder,,
"1046|Skins, pig, dry salted",,,"1046|Skins, pig, dry salted",,
854|Feed additives,,,854|Feed additives,,
"1040|Pig, butcher fat",,"2737|Fats, Animals, Raw","1040|Pig, butcher fat",,
"1040|Pig, butcher fat",,,"1040|Pig, butcher fat",livst_pig,
649|Swedes for fodder,,,649|Swedes for fodder,,
275|Tung nuts,275|Tung nuts,"2570|Oilcrops, Other",275|Tung nuts,rapeseed,
77|Bran of oats,,77|Bran of oats,77|Bran of oats,brans,
,1020|Raw milk of goats,2848|Milk - Excluding Butter,1020|Raw milk of goats,livst_milk,
,1130|Raw milk of camel,2848|Milk - Excluding Butter,1130|Raw milk of camel,livst_milk,
,951|Raw milk of buffalo,2848|Milk - Excluding Butter,951|Raw milk of buffalo,livst_milk,
,952|Butter of buffalo milk,"2740|Butter, Ghee",952|Butter of buffalo milk,livst_milk,
,"955|Cheese from milk of buffalo, fresh or processed",2848|Milk - Excluding Butter,"955|Cheese from milk of buffalo, fresh or processed",livst_milk,
,"1111|Meat of mules, fresh or chilled","2735|Meat, Other","1111|Meat of mules, fresh or chilled",livst_rum,
,"1151|Meat of other domestic rodents, fresh or chilled","2735|Meat, Other","1151|Meat of other domestic rodents, fresh or chilled",livst_rum,
,"1158|Meat of other domestic camelids, fresh or chilled","2735|Meat, Other",,livst_rum,
,"1176|Snails, fresh, chilled, frozen, dried, salted or in brine, except sea snails","2735|Meat, Other","1176|Snails, fresh, chilled, frozen, dried, salted or in brine, except sea snails",livst_rum,
,,X003|Palmoil_Kerneloil_Kernelcake,X003|Palmoil_Kerneloil_Kernelcake,oilpalm,
,"328|Seed cotton, unginned ",2559|Cottonseed,,cottn_pro,only one with area information
,671|Mat leaves,2635|Tea (including mate),671|Mat leaves,others,
,1016|Goats,,,,
,"1019|Goat fat, unrendered","2737|Fats, Animals, Raw","1019|Goat fat, unrendered",,
,1020|Raw milk of goats,2948|Milk - Excluding Butter,1020|Raw milk of goats,,
,1025|Raw hides and skins of goats or kids,,,,
,1034|Swine / pigs,,,,
,1057|Chickens,,,,
,1068|Ducks,,,,
,1072|Geese,,,,
,1079|Turkeys,,,,
,1096|Horses,,,,
,1107|Asses,,,,
,1110|Mules and hinnies,,,,
,1126|Camels,,,,
,"1128|Edible offals of camels and other camelids, fresh, chilled or frozen",2945|Offals,"1128|Edible offals of camels and other camelids, fresh, chilled or frozen",,
,1130|Raw milk of camel,2948|Milk - Excluding Butter,1130|Raw milk of camel,,
,1140|Rabbits and hares,,,,
,1150|Other rodents,,,,
,1157|Other camelids,,,,
,1181|Bees,,,,
,1183|Beeswax,,,,
,1185|Silk-worm cocoons suitable for reeling,,,,
,1186|Raw silk (not thrown),,,,
,"1717|Cereals, primary",,,,
,"1720|Roots and Tubers, Total",,,,
,1723|Sugar Crops Primary,,,,aggregate
,"1726|Pulses, Total",,,,aggregate
,"1729|Treenuts, Total",,,,aggregate
,"1732|Oilcrops, Oil Equivalent",,,,aggregate
,1735|Vegetables Primary,,,,aggregate
,1738|Fruit Primary,,,,aggregate
,1745|Cheese (All Kinds),,,,aggregate
,1746|Cattle and Buffaloes,,,,aggregate
,1749|Sheep and Goats,,,,aggregate
,"17530|Fibre Crops, Fibre Equivalent",,,,aggregate
,"1765|Meat, Total",,,,aggregate
,"1780|Milk, Total",,,,aggregate
,1783|Eggs Primary,,,,aggregate
,"1804|Citrus Fruit, Total",,,,aggregate
,"1806|Beef and Buffalo Meat, primary",,,,aggregate
,1807|Sheep and Goat Meat,,,,aggregate
,"1808|Meat, Poultry",,,,aggregate
,"1809|Skim Milk & Buttermilk, Dry",,,,aggregate
,1811|Butter and Ghee,,,,aggregate
,1816|Evaporated & Condensed Milk,,,,aggregate
,"1841|Oilcrops, Cake Equivalent",,,,aggregate
,2029|Poultry Birds,,,,aggregate
,254|Oil palm fruit,2562|Palm kernels,254|Oil palm fruit,,
,277|Jojoba seeds,"2570|Oilcrops, Other",277|Jojoba seeds,rapeseed,
,305|Tallowtree seeds,"2570|Oilcrops, Other",305|Tallowtree seeds,rapeseed,
,310|Kapok fruit,"2570|Oilcrops, Other",310|Kapok fruit,rapeseed,
,"328|Seed cotton, unginned",,,,
,378|Cassava leaves,"2605|Vegetables, other",378|Cassava leaves,others,
,542|Other pome fruits,"2625|Fruits, other",542|Other pome fruits,others,
,"675|Green tea (not fermented), black tea (fermented) and partly fermented tea, in immediate packings of a content not exceeding 3 kg",,,,
,677|Hop cones,,,,
,"748|Peppermint, spearmint",,,,
,"754|Pyrethrum, dried flowers",,,,
"767|Cotton lint, ginned","767|Cotton lint, ginned","767|Cotton lint, ginned","767|Cotton lint, ginned",fibres,
,"771|Flax, raw or retted",,,,
,"777|True hemp, raw or retted",,,,
,"778|Kapok fibre, raw",,,,
,"780|Jute, raw or retted",,,,
,"782|Kenaf, and other textile bast fibres, raw or retted",,,,
,"788|Ramie, raw or retted",,,,
,"789|Sisal, raw",,,,
,"800|Agave fibres, raw, nec",,,,
,"809|Abaca, manila hemp, raw",,,,
,"813|Coir, raw",,,,
,"821|Other fibre crops, raw, nec",,,,
,826|Unmanufactured tobacco,,,,
,836|Natural rubber in primary forms,,,,
,"839|Balata, gutta-percha, guayule, chicle and similar natural gums in primary forms or in plates, sheets or strip",,,,
,866|Cattle,,,,
,919|Raw hides and skins of cattle,,,,
,946|Buffalo,,,,
,"949|Buffalo fat, unrendered","2737|Fats, Animals, Raw","949|Buffalo fat, unrendered",,
,951|Raw milk of buffalo,2948|Milk - Excluding Butter,951|Raw milk of buffalo,,
,"955|Cheese from milk of buffalo, fresh or processed",2948|Milk - Excluding Butter,"955|Cheese from milk of buffalo, fresh or processed",,
,957|Raw hides and skins of buffaloes,,,,
,976|Sheep,,,,
,"987|Shorn wool, greasy, including fleece-washed shorn wool",,,,
,995|Raw hides and skins of sheep or lambs,,,,
,,2501|Population,,,
,,2901|Grand Total,,,aggregate
,,2903|Vegetal Products,,,aggregate
,,2941|Animal Products,,,aggregate
,,2905|Cereals - Excluding Beer,,,aggregate
,,2946|Animal fats,,,aggregate
,,"2781|Fish, Body Oil",,,
,,"2782|Fish, Liver Oil",,,
,,"2960|Fish, Seafood",,,aggregate
,,2761|Freshwater Fish,,fish,
,,2511|Wheat and products,23|Starch of wheat,sugar,
,,2511|Wheat and products,24|Wheat gluten,,
,,2762|Demersal Fish,,fish,
,,2763|Pelagic Fish,,fish,
,,"2764|Marine Fish, Other",,fish,
,,2765|Crustaceans,,fish,
,,2766|Cephalopods,,fish,
,,2807|Rice and products,"33|Rice, gluten",,
,,2807|Rice and products,34|Starch of rice,sugar,
,,"2767|Molluscs, Other",,fish,
,,"2769|Aquatic Animals, Others",,,
,,"2961|Aquatic Products, Other",,,
,,2775|Aquatic Plants,,,
,,2514|Maize and products,63|Maize gluten,maiz,
,,2514|Maize and products,64|Starch of maize,sugar,
,,"2520|Cereals, Other",95|Flour of fonio,tece,
,,96|Bran of fonio,96|Bran of fonio,brans,
,,"2520|Cereals, Other",98|Flour of triticale,tece,
,,99|Bran of triticale,99|Bran of triticale,brans,
,,2907|Starchy Roots,,,aggregate
,,2531|Potatoes and products,119|Starch of potatoes,sugar,
,,2908|Sugar Crops,,,aggregate
,,2909|Sugar & Sweeteners,"154|Fructose, chemically pure",,
,,2909|Sugar & Sweeteners,"155|Maltose, chemically pure",,
,,2909|Sugar & Sweeteners,,,
,,2542|Sugar (Raw Equivalent),"158|Cane sugar, centrifugal",sugar,
,,2542|Sugar (Raw Equivalent),,sugar,
,,"2543|Sweeteners, Other",,sugar,
,,2911|Pulses,,,aggregate
,,2912|Treenuts,,,aggregate
,,2913|Oilcrops,"312|Kapokseed, shelled",,
,,2555|Soyabeans,241|Soya curd,,
,,"2570|Oilcrops, Other",,rapeseed,
,,2914|Vegetable Oils,,,aggregate
,,"2586|Oilcrops Oil, Other",,oils,
,,"2586|Oilcrops Oil, Other",337|Oil of hempseed,oils,
,,"2586|Oilcrops Oil, Other","1273|Castor oil, hydrogenated",oils,
,,2918|Vegetables,,,aggregate
,,2601|Tomatoes and products,,,
,,2919|Fruits - Excluding Wine,,,aggregate
,,"2625|Fruits, other",538|Juice of plum,,
,,2922|Stimulants,,,
,,2635|Tea (including mate),,,
,,2635|Tea (including mate),"672|Extracts, essences and concentrates of tea or mate, and preparations with a basis thereof or with a basis of tea or mat",,
,,2923|Spices,,,
,,2924|Alcoholic Beverages,,,aggregate
,,"2657|Beverages, Fermented",26|Wheat-fermented beverages,alcohol,
,,"2657|Beverages, Fermented","66|Beer of maize, malted",alcohol,
,,"2657|Beverages, Fermented","82|Beer of millet, malted",alcohol,
,,"2657|Beverages, Fermented","86|Beer of sorghum, malted",alcohol,
,,"2659|Alcohol, Non-Food",632|Undenatured ethyl alcohol of an alcoholic strength by volume of 80% vol or higher,,
,,2943|Meat,,,
,,"2735|Meat, Other",,,
,,"2736|Offals, Edible",,,
,,"2737|Fats, Animals, Raw",1160|Fat of other camelids,,
,,2949|Eggs,916|Egg albumin,,
,,2744|Eggs,916|Egg albumin,,
,,2948|Milk - Excluding Butter,908|Reconstituted milk,,
,,2948|Milk - Excluding Butter,917|Casein,,
,,2948|Milk - Excluding Butter,954|Skim milk of buffalo,,
,,2948|Milk - Excluding Butter,,,
,,2948|Milk - Excluding Butter,985|Skim sheep milk,,
,,2948|Milk - Excluding Butter,1023|Skim milk of goat,,
,,2848|Milk - Excluding Butter,908|Reconstituted milk,,
,,2848|Milk - Excluding Butter,917|Casein,,
,,2848|Milk - Excluding Butter,954|Skim milk of buffalo,,
,,2848|Milk - Excluding Butter,,,
,,2848|Milk - Excluding Butter,985|Skim sheep milk,,
,,2848|Milk - Excluding Butter,1023|Skim milk of goat,,
,,"2768|Meat, Aquatic Mammals",,,
,,,1|Total population,,
,,"298|Cake, poppy seed","298|Cake, poppy seed",oilcakes,
,,,883|Standardized milk,,
,828|Cigarettes,,,,
,829|Cigars and cheroots,,,,
,837|Natural rubber in other forms,,,,
,"831|Other manufactured tobacco and manufactured tobacco substitutes; ""homogenized"" or ""reconstituted"" tobacco; tobacco extracts and essences",,,,
,1187|Silk waste,,,,
,"988|Wool, degreased or carbonized, not carded or combed",,,,
,,X002|Distillers_grain,X002|Distillers_grain,distillers_grain,
,,X004|Brewers_grain,X004|Brewers_grain,distillers_grain,
,,X001|Ethanol,X001|Ethanol,ethanol,
,"636|Forage and silage, maize",X005|Fodder_and_forage,,foddr,
,"637|Forage and silage, sorghum",X005|Fodder_and_forage,,foddr,
,"638|Forage and silage, rye grass",X005|Fodder_and_forage,,foddr,
,"639|Forage and silage, grasses nes",X005|Fodder_and_forage,,foddr,
,"640|Forage and silage, clover",X005|Fodder_and_forage,,foddr,
,"641|Forage and silage, alfalfa",X005|Fodder_and_forage,,foddr,
,"642|Forage and silage, green oilseeds",X005|Fodder_and_forage,,foddr,
,"643|Forage and silage, legumes",X005|Fodder_and_forage,,foddr,
,644|Cabbage for fodder,X005|Fodder_and_forage,,foddr,
,645|Pumpkins for Fodder,X005|Fodder_and_forage,,foddr,
,646|Turnips for fodder,X005|Fodder_and_forage,,foddr,
,647|Beets for fodder,X005|Fodder_and_forage,,foddr,
,648|Carrots for fodder,X005|Fodder_and_forage,,foddr,
,649|Swedes for fodder,X005|Fodder_and_forage,,foddr,
,651|Forage products,X005|Fodder_and_forage,,foddr,
,655|Vegetables and roots fodder,X005|Fodder_and_forage,,foddr,
